,original_language,text,translated_language,translation
0,german,"Dies ist ein Blindtext. An ihm lässt sich
vieles über die Schrift ablesen, in der er ge-
setzt ist. Auf den ersten Blick wird der
Grauwert der Schriftfläche sichtbar. Dann
kann man prüfen, wie gut die Schrift zu
lesen ist und wie sie auf den Leser wirkt.
Dies ist ein Blindtext. An ihm lässt sich
vieles über die Schrift ablesen, in der er ge-
setzt ist. Auf den ersten Blick wird der
Grauwert der Schriftfläche sichtbar. Dann
kann man prüfen, wie gut die Schrift zu
lesen ist und wie sie auf den Leser wirkt.
",english,This is dummy text. Much can be learned from it about the writing in which it is set. The gray value of the text area is visible at first glance. Then you can check how easy it is to read the writing and how it affects the reader. This is dummy text. Much can be learned from it about the writing in which it is set. The gray value of the text area is visible at first glance. Then you can check how easy it is to read the writing and how it affects the reader. 
